company_name,industry,employee_count,location,contact_person,job_title,email
Atlas Logistics,Software,2258,Ahmedabad,Suman Singh,Customer Success Manager,jitenshah975@gmail.com
Quantum Pharma,Aerospace,717,Nagpur,Ritu Verma,CEO,jitenshah975@gmail.com
Green Works,Telecom,4144,Patna,Amit Ghosh,HR Manager,jitenshah975@gmail.com
Orion Foods,Aerospace,3441,Ahmedabad,Manish Trivedi,Business Development Manager,jitenshah975@gmail.com
Gamma Trading,Software,1312,Shimla,Ritu Chopra,Business Development Manager,jitenshah975@gmail.com
Pioneer Works,Consulting,842,Delhi,Deepak Patel,Research Lead,jitenshah975@gmail.com
Omega Studios,Cybersecurity,2171,Ooty,Rohan Bhattacharya,Regional Manager,jitenshah975@gmail.com
Maple Logistics,Retail,650,Surat,Neha Sidhu,Senior Developer,jitenshah975@gmail.com
Orchid Platform,Media,4734,Pune,Shruti Gupta,CTO,jitenshah975@gmail.com
Neptune Dynamics,Real Estate,658,Ranchi,Suman Sethi,Head of Sales,jitenshah975@gmail.com
Luna Labs,Automotive,2993,Hyderabad,Sakshi Joshi,HR Manager,jitenshah975@gmail.com
Neptune Labs,Healthcare,4995,Goa,Meera Ghosh,Customer Success Manager,jitenshah975@gmail.com
Nimbus Enterprises,Automotive,3113,Jaipur,Dev Khan,Technical Lead,jitenshah975@gmail.com
Maple Dynamics,Consulting,463,Ahmedabad,Madhuri Verma,Finance Controller,jitenshah975@gmail.com
Echo Concepts,Energy,547,Pune,Dev Trivedi,Design Lead,jitenshah975@gmail.com
Orion Consulting,Education,4094,Bhopal,Ishita Mandal,Senior Developer,jitenshah975@gmail.com
Silver Holdings,Energy,1148,Ahmedabad,Isha Ghosh,Supply Chain Manager,jitenshah975@gmail.com
Summit Automations,Biotech,3514,Bikaner,Rakesh Bose,Research Lead,jitenshah975@gmail.com
Nimbus Holdings,Agriculture,4047,Delhi,Nikhil Verma,Regulatory Affairs Manager,jitenshah975@gmail.com
Quantum Holdings,Logistics,3463,Patna,Priya Bose,Quality Manager,jitenshah975@gmail.com
Orchid Ventures,Agriculture,2064,Surat,Yash Sharma,Project Manager,jitenshah975@gmail.com
Alpha Logistics,Aerospace,2190,Mysore,Kavya Chopra,Head of Sales,jitenshah975@gmail.com
Everest Partners,Logistics,3721,Kolkata,Isha Naik,Customer Success Manager,jitenshah975@gmail.com
Summit Media,Logistics,4163,Jodhpur,Sneha Sethi,Senior Developer,jitenshah975@gmail.com
Everest Services,Agriculture,4993,Pune,Ankit Joshi,Talent Acquisition Specialist,jitenshah975@gmail.com
NextGen Instruments,Agriculture,9,Patna,Karan Malhotra,CEO,jitenshah975@gmail.com
Quantum Insights,Media,2524,Ahmedabad,Rohan Iyer,Design Lead,jitenshah975@gmail.com
Cedar Manufacturing,Healthcare,706,Varanasi,Ananya Sidhu,CFO,jitenshah975@gmail.com
Beta Instruments,Manufacturing,1056,Dehradun,Ananya Ghosh,Product Manager,jitenshah975@gmail.com
Summit Media,Cybersecurity,3471,Pune,Dev Ghosh,Talent Acquisition Specialist,jitenshah975@gmail.com
Alpha Retail,Education,2558,Bhopal,Arjun Khan,Research Lead,jitenshah975@gmail.com
Silver Platform,Agriculture,3703,Bengaluru,Suman Iyer,CFO,jitenshah975@gmail.com
Echo Systems,Biotech,4542,Ahmedabad,Rakesh Iyer,CEO,jitenshah975@gmail.com
Green Retail,E-commerce,1880,Delhi,Ishita Verma,Regulatory Affairs Manager,jitenshah975@gmail.com
Echo Technologies,Agriculture,1954,Jaipur,Arjun Malhotra,HR Manager,jitenshah975@gmail.com
Maple Holdings,Biotech,4725,Ernakulam,Suman Kohli,Sales Executive,jitenshah975@gmail.com
Gamma Partners,Education,777,Bengaluru,Arjun Mehta,Research Lead,jitenshah975@gmail.com
Crimson Partners,Automotive,448,Dehradun,Kavya Khan,Head of Sales,jitenshah975@gmail.com
Blue Concepts,Consulting,900,Ahmedabad,Rahul Nair,Supply Chain Manager,jitenshah975@gmail.com
Silver Holdings,Pharmaceuticals,1508,Jaipur,Manish Iyer,Regulatory Affairs Manager,jitenshah975@gmail.com
Pulse Technologies,Automotive,4513,Bengaluru,Rohan Khan,Supply Chain Manager,jitenshah975@gmail.com
Delta Systems,Healthcare,1941,Hyderabad,Ritu Malhotra,Sales Executive,jitenshah975@gmail.com
Vertex Trading,Retail,485,Hyderabad,Deepak Sharma,Quality Manager,jitenshah975@gmail.com
Summit Insights,Automotive,2341,Indore,Shruti Bhattacharya,Finance Controller,jitenshah975@gmail.com
Maple Pharma,Food & Beverage,1273,Pune,Neha Nair,CTO,jitenshah975@gmail.com
Cedar Automations,Aerospace,504,Varanasi,Karan Verma,CTO,jitenshah975@gmail.com
Cedar Designs,Agriculture,4355,Hyderabad,Rohan Saxena,CFO,jitenshah975@gmail.com
Omega Enterprises,Healthcare,4879,Delhi,Arjun Sethi,Operations Manager,jitenshah975@gmail.com
Luna Logistics,Biotech,2021,Nagpur,Tanya Verma,Software Engineer,jitenshah975@gmail.com
Green Partners,Biotech,4635,Visakhapatnam,Karan Mandal,Business Development Manager,jitenshah975@gmail.com
Vertex Pharma,Consulting,1960,Jaipur,Deepak Singh,Project Manager,jitenshah975@gmail.com
Atlas Networks,Automotive,2595,Jodhpur,Nikhil Mandal,CFO,jitenshah975@gmail.com
Apex Ventures,Cybersecurity,4617,Bengaluru,Priya Ghosh,HR Manager,jitenshah975@gmail.com
Iron Labs,Manufacturing,2864,Bikaner,Priya Naik,Operations Manager,jitenshah975@gmail.com
Solar Networks,Logistics,3594,Coimbatore,Pooja Nanda,Lead Engineer,jitenshah975@gmail.com
Orchid Hardware,Agriculture,69,Dehradun,Madhuri Ghosh,Lead Engineer,jitenshah975@gmail.com
Pulse Pharma,Finance,1105,Jaipur,Sneha Naik,Head of Sales,jitenshah975@gmail.com
Alpha Instruments,Manufacturing,2236,Lucknow,Tanya Nair,Technical Lead,jitenshah975@gmail.com
Echo Works,Energy,4145,Ernakulam,Vikram Naik,Creative Director,jitenshah975@gmail.com
Omega Solutions,Healthcare,3474,Coimbatore,Vikram Verma,CEO,jitenshah975@gmail.com
Echo Soft,Manufacturing,2150,Hyderabad,Isha Kapoor,Supply Chain Manager,jitenshah975@gmail.com
Orion Partners,Aerospace,84,Bengaluru,Priya Naik,Technical Lead,jitenshah975@gmail.com
Fusion Holdings,Aerospace,300,Coimbatore,Sakshi Trivedi,Supply Chain Manager,jitenshah975@gmail.com
Pioneer Partners,Manufacturing,347,Lucknow,Sakshi Naik,Creative Director,jitenshah975@gmail.com
Gamma Trading,E-commerce,2936,Pune,Arjun Iyer,Project Manager,jitenshah975@gmail.com
Quantum Studios,Aerospace,3334,Patna,Isha Singh,Creative Director,jitenshah975@gmail.com
Pulse Dynamics,Logistics,1455,Bikaner,Ritu Sharma,Product Manager,jitenshah975@gmail.com
Alpha Insights,Consulting,3377,Ooty,Arjun Sethi,Customer Success Manager,jitenshah975@gmail.com
Gamma Dynamics,Energy,1309,Ooty,Shruti Patel,Quality Manager,jitenshah975@gmail.com
Omega Solutions,Food & Beverage,1827,Pune,Madhuri Mandal,Regional Manager,jitenshah975@gmail.com
Solar Networks,Telecom,1831,Kolkata,Arjun Nair,Quality Manager,jitenshah975@gmail.com
Echo Labs,Healthcare,2291,Gurugram,Kavya Saxena,Quality Manager,jitenshah975@gmail.com
Neptune Services,Aerospace,2717,Kolkata,Sneha Naik,Business Development Manager,jitenshah975@gmail.com
NextGen Resources,Energy,318,Bengaluru,Tanya Mehta,Research Lead,jitenshah975@gmail.com
Alpha Hardware,Consulting,3579,Patna,Siddharth Patel,Quality Manager,jitenshah975@gmail.com
Fusion Resources,Education,2091,Mumbai,Shruti Mehta,CEO,jitenshah975@gmail.com
Iron Insights,Aerospace,1619,Gurugram,Ritu Gupta,Project Manager,jitenshah975@gmail.com
Pulse Consulting,Cybersecurity,2576,Dehradun,Yash Patel,Customer Success Manager,jitenshah975@gmail.com
Fusion Networks,Agriculture,2538,Dehradun,Ritu Chopra,Quality Manager,jitenshah975@gmail.com
Orion Networks,Aerospace,1047,Pune,Ritu Agarwal,Quality Manager,jitenshah975@gmail.com
Neptune Automations,Logistics,4667,Lucknow,Deepak Ghosh,Clinical Lead,jitenshah975@gmail.com
Apex Networks,Real Estate,1726,Indore,Gaurav Trivedi,Software Engineer,jitenshah975@gmail.com
Atlas Consulting,Automotive,3624,Thiruvananthapuram,Arjun Nair,Marketing Executive,jitenshah975@gmail.com
Golden Hardware,Logistics,699,Lucknow,Siddharth Agarwal,Senior Developer,jitenshah975@gmail.com
Orchid Consulting,Healthcare,1929,Dehradun,Neha Iyer,Finance Controller,jitenshah975@gmail.com
Vertex Holdings,Software,383,Ahmedabad,Ananya Bhandari,Regulatory Affairs Manager,jitenshah975@gmail.com
Beta Technologies,Automotive,3400,Bikaner,Kavya Trivedi,HR Manager,jitenshah975@gmail.com
Orion Retail,Retail,4054,Bhopal,Suman Singh,Senior Developer,jitenshah975@gmail.com
Orion Systems,Finance,3487,Ahmedabad,Meera Kohli,Technical Lead,jitenshah975@gmail.com
Iron Ventures,E-commerce,4571,Ahmedabad,Dev Sethi,Head of Sales,jitenshah975@gmail.com
Silver Holdings,Automotive,4356,Surat,Tanya Chopra,Talent Acquisition Specialist,jitenshah975@gmail.com
Fusion Ventures,Cybersecurity,4140,Indore,Madhuri Mandal,Supply Chain Manager,jitenshah975@gmail.com
Silver Platform,Logistics,3893,Thiruvananthapuram,Vikram Shah,Operations Manager,jitenshah975@gmail.com
Delta Foods,Energy,4275,Ernakulam,Kavya Iyer,Business Development Manager,jitenshah975@gmail.com
Silver Technologies,Real Estate,1925,Jaipur,Karan Chopra,Design Lead,jitenshah975@gmail.com
Maple Technologies,Manufacturing,1240,Ahmedabad,Deepak Nanda,Head of Marketing,jitenshah975@gmail.com
Orion Works,Healthcare,3403,Indore,Karan Ghosh,Regional Manager,jitenshah975@gmail.com
Crimson Solutions,Education,3446,Bhopal,Ishita Shah,Procurement Head,jitenshah975@gmail.com
Orion Systems,Biotech,3121,Ernakulam,Amit Joshi,Lead Engineer,jitenshah975@gmail.com
Beta Concepts,Pharmaceuticals,4414,Varanasi,Isha Ghosh,Finance Controller,jitenshah975@gmail.com
Orchid Platform,Telecom,4004,Ahmedabad,Vikram Mehta,Sales Executive,jitenshah975@gmail.com
Apex Concepts,Consulting,3317,Varanasi,Meera Sidhu,Regional Manager,jitenshah975@gmail.com
Pulse Holdings,Cybersecurity,4380,Kolkata,Dev Bose,Procurement Head,jitenshah975@gmail.com
Cedar Pharma,Software,692,Goa,Ritu Singh,Regulatory Affairs Manager,jitenshah975@gmail.com
Silver Enterprises,E-commerce,2136,Bhopal,Karan Nair,Regional Manager,jitenshah975@gmail.com
Echo Consulting,Retail,2284,Mysore,Madhuri Mehta,Business Development Manager,jitenshah975@gmail.com
Delta Technologies,Food & Beverage,163,Varanasi,Pooja Verma,Research Lead,jitenshah975@gmail.com
Nimbus Foods,Healthcare,334,Mysore,Amit Iyer,HR Manager,jitenshah975@gmail.com
Delta Systems,Cybersecurity,1253,Ahmedabad,Ankit Malhotra,Project Manager,jitenshah975@gmail.com
Quantum Resources,Education,3814,Shimla,Vikram Shah,Research Lead,jitenshah975@gmail.com
NextGen Analytics,Cybersecurity,943,Mysore,Madhuri Kumar,Lead Engineer,jitenshah975@gmail.com
Quantum Resources,Software,2560,Nagpur,Arjun Mandal,Quality Manager,jitenshah975@gmail.com
Luna Manufacturing,Education,627,Nagpur,Shruti Sidhu,Senior Developer,jitenshah975@gmail.com
Nimbus Logistics,Real Estate,4923,Ooty,Sneha Kohli,Procurement Head,jitenshah975@gmail.com
Gamma Solutions,Media,4369,Indore,Arjun Joshi,CFO,jitenshah975@gmail.com
Iron Foods,Consulting,108,Ranchi,Ritu Sidhu,Sales Executive,jitenshah975@gmail.com
Quantum Partners,Media,3771,Shimla,Ankit Mehta,Product Manager,jitenshah975@gmail.com
Alpha Media,Energy,4413,Mysore,Ananya Kapoor,Account Manager,jitenshah975@gmail.com
Delta Automations,Biotech,2203,Noida,Yash Iyer,Clinical Lead,jitenshah975@gmail.com
Pulse Technologies,Energy,3697,Ahmedabad,Nikhil Kapoor,Procurement Head,jitenshah975@gmail.com
Orchid Pharma,Retail,2760,Kolkata,Ananya Sethi,Data Scientist,jitenshah975@gmail.com
NextGen Designs,Education,2911,Ooty,Vikram Chopra,Business Development Manager,jitenshah975@gmail.com
Fusion Analytics,Energy,4558,Kolkata,Siddharth Nair,CFO,jitenshah975@gmail.com
Nimbus Automations,Pharmaceuticals,4007,Surat,Nikhil Iyer,Technical Lead,jitenshah975@gmail.com
Golden Foods,Food & Beverage,3676,Ooty,Amit Gupta,Lead Engineer,jitenshah975@gmail.com
Nimbus Concepts,Telecom,2513,Dehradun,Rakesh Joshi,Sales Executive,jitenshah975@gmail.com
Maple Media,Media,3490,Varanasi,Pooja Chopra,Research Lead,jitenshah975@gmail.com
Orion Ventures,Energy,2516,Jaipur,Suman Patel,Customer Success Manager,jitenshah975@gmail.com
Vertex Consulting,Finance,4394,Mysore,Shruti Kumar,HR Manager,jitenshah975@gmail.com
Vertex Automations,Food & Beverage,2270,Varanasi,Rakesh Shah,Marketing Executive,jitenshah975@gmail.com
Orchid Networks,Finance,1595,Lucknow,Suman Joshi,Product Manager,jitenshah975@gmail.com
Everest Systems,Aerospace,1041,Jaipur,Rohan Verma,Supply Chain Manager,jitenshah975@gmail.com
Everest Retail,Manufacturing,4026,Bengaluru,Yash Sharma,Procurement Head,jitenshah975@gmail.com
Everest Designs,Food & Beverage,3613,Noida,Meera Verma,Business Development Manager,jitenshah975@gmail.com
Omega Designs,Finance,540,Bhopal,Ananya Gupta,Procurement Head,jitenshah975@gmail.com
Atlas Pharma,E-commerce,1247,Chennai,Gaurav Trivedi,Lead Engineer,jitenshah975@gmail.com
Green Dynamics,Finance,4576,Mysore,Ritu Bhandari,Software Engineer,jitenshah975@gmail.com
Gamma Analytics,Telecom,4285,Bhopal,Manish Mandal,Regional Manager,jitenshah975@gmail.com
Everest Trading,Biotech,3517,Lucknow,Rakesh Bhandari,CTO,jitenshah975@gmail.com
Orchid Manufacturing,Finance,1707,Goa,Rahul Das,Project Manager,jitenshah975@gmail.com
Green Enterprises,Telecom,1428,Surat,Priya Kumar,CEO,jitenshah975@gmail.com
Crimson Ventures,Cybersecurity,3854,Lucknow,Rohan Iyer,Lead Engineer,jitenshah975@gmail.com
Orion Networks,Automotive,588,Dehradun,Suman Mandal,Business Development Manager,jitenshah975@gmail.com
Gamma Hardware,Biotech,1625,Indore,Sneha Ghosh,Operations Manager,jitenshah975@gmail.com
Atlas Holdings,Energy,1170,Delhi,Rohan Kumar,Finance Controller,jitenshah975@gmail.com
Everest Analytics,Biotech,2369,Thiruvananthapuram,Sneha Kapoor,Technical Lead,jitenshah975@gmail.com
Everest Retail,Retail,2235,Visakhapatnam,Pooja Malhotra,Regional Manager,jitenshah975@gmail.com
Green Analytics,E-commerce,3544,Varanasi,Karan Bhandari,Business Development Manager,jitenshah975@gmail.com
Apex Technologies,Telecom,4717,Nagpur,Amit Shah,Project Manager,jitenshah975@gmail.com
Delta Labs,Biotech,334,Mysore,Nikhil Kumar,Sales Executive,jitenshah975@gmail.com
Iron Foods,Automotive,2283,Hyderabad,Rakesh Mehta,Senior Developer,jitenshah975@gmail.com
Delta Designs,Healthcare,3855,Gurugram,Ritu Chopra,Data Scientist,jitenshah975@gmail.com
Neptune Logistics,Logistics,2706,Indore,Shruti Malhotra,Lead Engineer,jitenshah975@gmail.com
Neptune Manufacturing,Retail,4511,Mumbai,Manish Gupta,Data Scientist,jitenshah975@gmail.com
Summit Consulting,Finance,3316,Ranchi,Siddharth Sidhu,CEO,jitenshah975@gmail.com
Neptune Trading,Aerospace,3789,Indore,Rohan Nair,Marketing Executive,jitenshah975@gmail.com
Solar Analytics,Food & Beverage,3626,Mysore,Rohan Nair,Business Development Manager,jitenshah975@gmail.com
Maple Holdings,Real Estate,3594,Bikaner,Shruti Malhotra,Head of Sales,jitenshah975@gmail.com
Apex Foods,Cybersecurity,1965,Shimla,Meera Reddy,Supply Chain Manager,jitenshah975@gmail.com
Apex Instruments,Pharmaceuticals,768,Ahmedabad,Madhuri Mandal,Head of Sales,jitenshah975@gmail.com
Silver Manufacturing,Finance,1266,Ernakulam,Dev Nanda,Lead Engineer,jitenshah975@gmail.com
Iron Retail,Energy,3408,Coimbatore,Ananya Malhotra,Operations Manager,jitenshah975@gmail.com
Silver Instruments,Manufacturing,3147,Pune,Dev Bhandari,Marketing Executive,jitenshah975@gmail.com
Alpha Platform,Manufacturing,576,Jaipur,Nikhil Kohli,Regulatory Affairs Manager,jitenshah975@gmail.com
Crimson Consulting,Agriculture,2193,Coimbatore,Amit Reddy,Customer Success Manager,jitenshah975@gmail.com
Everest Services,Biotech,4755,Dehradun,Ananya Sethi,Head of Marketing,jitenshah975@gmail.com
Silver Instruments,Food & Beverage,2832,Noida,Pooja Shah,Supply Chain Manager,jitenshah975@gmail.com
Luna Ventures,Consulting,1550,Shimla,Suman Trivedi,Quality Manager,jitenshah975@gmail.com
Nimbus Trading,Pharmaceuticals,362,Noida,Isha Malhotra,Technical Lead,jitenshah975@gmail.com
Pulse Hardware,Retail,3167,Dehradun,Gaurav Sidhu,Senior Developer,jitenshah975@gmail.com
Pioneer Designs,E-commerce,1039,Visakhapatnam,Rakesh Chopra,Regulatory Affairs Manager,jitenshah975@gmail.com
Quantum Trading,Automotive,821,Visakhapatnam,Dev Kapoor,CEO,jitenshah975@gmail.com
Alpha Holdings,Pharmaceuticals,1269,Delhi,Ananya Kohli,Business Development Manager,jitenshah975@gmail.com
Echo Analytics,Retail,662,Ranchi,Karan Sethi,Project Manager,jitenshah975@gmail.com
Omega Instruments,Retail,2599,Goa,Shruti Naik,Talent Acquisition Specialist,jitenshah975@gmail.com
Golden Trading,Aerospace,299,Patna,Priya Iyer,Senior Developer,jitenshah975@gmail.com
Neptune Insights,Real Estate,1868,Varanasi,Priya Mehta,Head of Sales,jitenshah975@gmail.com
Beta Foods,Finance,3639,Hyderabad,Shruti Reddy,Design Lead,jitenshah975@gmail.com
Apex Solutions,Consulting,464,Lucknow,Sakshi Joshi,Account Manager,jitenshah975@gmail.com
Pioneer Dynamics,Agriculture,3380,Nagpur,Arjun Kohli,Product Manager,jitenshah975@gmail.com
NextGen Enterprises,Healthcare,4997,Ranchi,Deepak Bhandari,Project Manager,jitenshah975@gmail.com
Nimbus Designs,Biotech,1177,Ahmedabad,Manish Khan,Business Development Manager,jitenshah975@gmail.com
Silver Labs,Software,3816,Bikaner,Neha Agarwal,Supply Chain Manager,jitenshah975@gmail.com
NextGen Technologies,Automotive,2835,Nagpur,Neha Khan,Account Manager,jitenshah975@gmail.com
Orion Labs,Automotive,2479,Pune,Deepak Sethi,Sales Executive,jitenshah975@gmail.com
Quantum Dynamics,Retail,4690,Gurugram,Rakesh Reddy,Technical Lead,jitenshah975@gmail.com
Everest Systems,Retail,2253,Kolkata,Rakesh Sethi,Project Manager,jitenshah975@gmail.com
Beta Automations,E-commerce,4972,Varanasi,Ananya Sidhu,Design Lead,jitenshah975@gmail.com
Fusion Networks,Telecom,4978,Ooty,Sakshi Iyer,Senior Developer,jitenshah975@gmail.com
Vertex Analytics,Energy,1125,Goa,Sneha Naik,Senior Developer,jitenshah975@gmail.com
Atlas Solutions,Real Estate,3616,Mumbai,Rakesh Joshi,Customer Success Manager,jitenshah975@gmail.com
Pioneer Technologies,Real Estate,2681,Varanasi,Ritu Kumar,HR Manager,jitenshah975@gmail.com
Pioneer Hardware,Aerospace,3002,Visakhapatnam,Siddharth Mandal,Business Development Manager,jitenshah975@gmail.com
Delta Enterprises,Energy,3952,Ooty,Neha Bhattacharya,Regulatory Affairs Manager,jitenshah975@gmail.com
Echo Hardware,Finance,3841,Delhi,Ankit Shah,Operations Manager,jitenshah975@gmail.com
Omega Pharma,Retail,4570,Gurugram,Priya Kohli,Quality Manager,jitenshah975@gmail.com
Apex Labs,Aerospace,1017,Thiruvananthapuram,Sakshi Agarwal,Customer Success Manager,jitenshah975@gmail.com
Neptune Labs,Biotech,3126,Coimbatore,Kavya Joshi,Head of Sales,jitenshah975@gmail.com
Neptune Dynamics,Food & Beverage,210,Patna,Ishita Ghosh,Data Scientist,jitenshah975@gmail.com
Pulse Analytics,Telecom,522,Goa,Madhuri Kapoor,Creative Director,jitenshah975@gmail.com
Orion Networks,Pharmaceuticals,960,Chennai,Rohan Verma,Lead Engineer,jitenshah975@gmail.com
Golden Logistics,Finance,1928,Bikaner,Pooja Singh,Quality Manager,jitenshah975@gmail.com
Silver Studios,Aerospace,3438,Nagpur,Isha Bhattacharya,Head of Marketing,jitenshah975@gmail.com
Fusion Partners,Finance,4013,Patna,Ritu Das,CTO,jitenshah975@gmail.com
Orion Studios,Education,3637,Thiruvananthapuram,Suman Sethi,Research Lead,jitenshah975@gmail.com
Quantum Pharma,Media,4465,Bikaner,Kavya Joshi,CTO,jitenshah975@gmail.com
Luna Labs,Education,1005,Ranchi,Madhuri Kapoor,CFO,jitenshah975@gmail.com
Neptune Works,Cybersecurity,179,Mumbai,Gaurav Chopra,Operations Manager,jitenshah975@gmail.com
Pioneer Hardware,Biotech,1686,Delhi,Madhuri Shah,Supply Chain Manager,jitenshah975@gmail.com
Vertex Resources,Education,1913,Noida,Nikhil Singh,Finance Controller,jitenshah975@gmail.com
Fusion Analytics,Software,2276,Ranchi,Ankit Singh,Supply Chain Manager,jitenshah975@gmail.com
Summit Hardware,Logistics,905,Dehradun,Yash Sharma,Head of Marketing,jitenshah975@gmail.com
Apex Studios,Telecom,4828,Noida,Amit Kumar,Business Development Manager,jitenshah975@gmail.com
Blue Holdings,Pharmaceuticals,4314,Bengaluru,Isha Gupta,Sales Executive,jitenshah975@gmail.com
Silver Soft,Media,4209,Nagpur,Sneha Kapoor,Marketing Executive,jitenshah975@gmail.com
Nimbus Manufacturing,Cybersecurity,360,Varanasi,Gaurav Mandal,Regulatory Affairs Manager,jitenshah975@gmail.com
Neptune Media,Real Estate,3757,Goa,Amit Verma,Sales Executive,jitenshah975@gmail.com
Omega Concepts,Pharmaceuticals,889,Ernakulam,Shruti Mandal,Regional Manager,jitenshah975@gmail.com
Green Platform,Healthcare,2643,Patna,Ankit Gupta,Head of Marketing,jitenshah975@gmail.com
Summit Analytics,Biotech,4497,Shimla,Karan Bose,Software Engineer,jitenshah975@gmail.com
Iron Networks,Automotive,4146,Patna,Ritu Patel,Finance Controller,jitenshah975@gmail.com
Orion Logistics,Aerospace,1766,Indore,Manish Naik,Operations Manager,jitenshah975@gmail.com
Crimson Consulting,Automotive,3271,Indore,Isha Patel,Data Scientist,jitenshah975@gmail.com
Crimson Consulting,Energy,3071,Chennai,Arjun Mandal,Sales Executive,jitenshah975@gmail.com
Green Technologies,Healthcare,768,Indore,Sneha Bhattacharya,Customer Success Manager,jitenshah975@gmail.com
Solar Hardware,Manufacturing,4562,Mumbai,Rakesh Ghosh,Supply Chain Manager,jitenshah975@gmail.com
Echo Pharma,Finance,3370,Gurugram,Yash Agarwal,Talent Acquisition Specialist,jitenshah975@gmail.com
Crimson Trading,E-commerce,2361,Patna,Neha Joshi,Head of Sales,jitenshah975@gmail.com
Cedar Media,Education,1272,Dehradun,Ananya Iyer,Regulatory Affairs Manager,jitenshah975@gmail.com
Quantum Studios,Aerospace,3016,Bengaluru,Nikhil Das,Procurement Head,jitenshah975@gmail.com
Nimbus Hardware,Pharmaceuticals,4600,Mysore,Madhuri Bhandari,Software Engineer,jitenshah975@gmail.com
Neptune Foods,Aerospace,220,Patna,Dev Agarwal,Clinical Lead,jitenshah975@gmail.com
Orion Labs,Software,1482,Jaipur,Shruti Shah,Lead Engineer,jitenshah975@gmail.com
Pulse Consulting,Media,55,Hyderabad,Yash Singh,Procurement Head,jitenshah975@gmail.com
Neptune Concepts,Healthcare,1167,Varanasi,Kavya Sharma,CFO,jitenshah975@gmail.com
Alpha Media,Education,3086,Indore,Manish Chopra,Product Manager,jitenshah975@gmail.com
Solar Networks,Consulting,4654,Patna,Priya Naik,CTO,jitenshah975@gmail.com
Pioneer Enterprises,Cybersecurity,412,Dehradun,Priya Das,Regional Manager,jitenshah975@gmail.com
Neptune Partners,Food & Beverage,4978,Thiruvananthapuram,Ritu Das,HR Manager,jitenshah975@gmail.com
Beta Media,Finance,2832,Indore,Sneha Reddy,Project Manager,jitenshah975@gmail.com
Neptune Resources,Food & Beverage,4321,Dehradun,Neha Verma,Operations Manager,jitenshah975@gmail.com
Luna Analytics,E-commerce,67,Pune,Neha Nair,Talent Acquisition Specialist,jitenshah975@gmail.com
Pioneer Soft,Energy,2376,Noida,Sneha Sharma,Sales Executive,jitenshah975@gmail.com
Alpha Partners,Logistics,1063,Bhopal,Pooja Nanda,Operations Manager,jitenshah975@gmail.com
Iron Instruments,Media,595,Bhopal,Yash Bhattacharya,CTO,jitenshah975@gmail.com
Crimson Systems,Automotive,642,Ranchi,Karan Trivedi,Account Manager,jitenshah975@gmail.com
Cedar Concepts,Pharmaceuticals,2376,Bengaluru,Deepak Sharma,Data Scientist,jitenshah975@gmail.com
NextGen Hardware,Cybersecurity,3774,Coimbatore,Shruti Mandal,Research Lead,jitenshah975@gmail.com
Green Partners,Finance,1998,Indore,Rakesh Bose,Marketing Executive,jitenshah975@gmail.com
Green Concepts,Real Estate,2786,Ahmedabad,Karan Shah,Product Manager,jitenshah975@gmail.com
Green Media,Finance,4351,Visakhapatnam,Rahul Naik,Talent Acquisition Specialist,jitenshah975@gmail.com
Solar Studios,Manufacturing,1940,Bengaluru,Ankit Das,HR Manager,jitenshah975@gmail.com
NextGen Analytics,Manufacturing,622,Hyderabad,Nikhil Khan,Sales Executive,jitenshah975@gmail.com
Silver Soft,Biotech,4752,Thiruvananthapuram,Arjun Mandal,Design Lead,jitenshah975@gmail.com
Cedar Foods,Cybersecurity,2652,Ranchi,Kavya Chopra,Head of Marketing,jitenshah975@gmail.com
Silver Technologies,Food & Beverage,3627,Goa,Neha Kohli,Business Development Manager,jitenshah975@gmail.com
Cedar Solutions,Media,4161,Delhi,Neha Kapoor,Regional Manager,jitenshah975@gmail.com
Blue Solutions,Media,2356,Delhi,Kavya Sethi,Regulatory Affairs Manager,jitenshah975@gmail.com
Green Analytics,Cybersecurity,4158,Bhopal,Manish Trivedi,Supply Chain Manager,jitenshah975@gmail.com
Gamma Automations,E-commerce,3689,Jodhpur,Gaurav Trivedi,Senior Developer,jitenshah975@gmail.com
Vertex Consulting,Cybersecurity,3901,Visakhapatnam,Ankit Verma,Regional Manager,jitenshah975@gmail.com
Quantum Hardware,Consulting,695,Visakhapatnam,Kavya Kumar,CTO,jitenshah975@gmail.com
Nimbus Retail,Automotive,3604,Visakhapatnam,Siddharth Bhandari,Product Manager,jitenshah975@gmail.com
Solar Studios,Real Estate,3178,Indore,Nikhil Chopra,Project Manager,jitenshah975@gmail.com
Orchid Solutions,Consulting,544,Noida,Sneha Ghosh,Project Manager,jitenshah975@gmail.com
Luna Networks,Energy,4942,Ranchi,Ankit Chopra,CFO,jitenshah975@gmail.com
Cedar Pharma,Manufacturing,2870,Lucknow,Kavya Nanda,Project Manager,jitenshah975@gmail.com
Luna Holdings,Cybersecurity,699,Lucknow,Pooja Bose,Senior Developer,jitenshah975@gmail.com
Gamma Consulting,Manufacturing,4317,Delhi,Kavya Agarwal,Account Manager,jitenshah975@gmail.com
Iron Studios,Software,2975,Lucknow,Meera Nair,Data Scientist,jitenshah975@gmail.com
Beta Designs,Education,1860,Chennai,Ankit Gupta,Lead Engineer,jitenshah975@gmail.com
Omega Hardware,Finance,4163,Mysore,Pooja Sidhu,Customer Success Manager,jitenshah975@gmail.com
Fusion Media,E-commerce,2763,Bikaner,Nikhil Bhandari,Head of Marketing,jitenshah975@gmail.com
Orchid Concepts,Manufacturing,1334,Hyderabad,Madhuri Nanda,Talent Acquisition Specialist,jitenshah975@gmail.com
Orchid Hardware,Logistics,3590,Mumbai,Ritu Joshi,Project Manager,jitenshah975@gmail.com
Alpha Dynamics,Automotive,2339,Mysore,Isha Kohli,Regional Manager,jitenshah975@gmail.com
Nimbus Instruments,Telecom,2540,Ooty,Gaurav Malhotra,Design Lead,jitenshah975@gmail.com
Delta Works,Media,4677,Thiruvananthapuram,Manish Shah,Lead Engineer,jitenshah975@gmail.com
Beta Concepts,Agriculture,4325,Indore,Meera Sidhu,HR Manager,jitenshah975@gmail.com
Gamma Analytics,Manufacturing,2053,Mumbai,Kavya Malhotra,Regulatory Affairs Manager,jitenshah975@gmail.com
Solar Instruments,Finance,4231,Ranchi,Sneha Reddy,CFO,jitenshah975@gmail.com
Beta Enterprises,Energy,3685,Bikaner,Siddharth Singh,Clinical Lead,jitenshah975@gmail.com
Crimson Technologies,Telecom,3700,Bikaner,Sakshi Mandal,CEO,jitenshah975@gmail.com
Crimson Solutions,Retail,4117,Gurugram,Suman Bose,CFO,jitenshah975@gmail.com
Solar Dynamics,Software,2615,Jodhpur,Sneha Sidhu,Technical Lead,jitenshah975@gmail.com
Atlas Consulting,Manufacturing,1132,Mumbai,Neha Mandal,Clinical Lead,jitenshah975@gmail.com
Golden Retail,Manufacturing,3847,Thiruvananthapuram,Tanya Sharma,Design Lead,jitenshah975@gmail.com
Green Systems,Energy,1771,Coimbatore,Ankit Ghosh,Customer Success Manager,jitenshah975@gmail.com
Orchid Media,Pharmaceuticals,915,Mysore,Neha Iyer,Lead Engineer,jitenshah975@gmail.com
Quantum Solutions,Telecom,3444,Goa,Gaurav Bhandari,Regional Manager,jitenshah975@gmail.com
Green Logistics,Food & Beverage,4893,Surat,Amit Khan,Marketing Executive,jitenshah975@gmail.com
Cedar Dynamics,Manufacturing,2391,Indore,Amit Bhandari,Research Lead,jitenshah975@gmail.com
Nimbus Resources,Pharmaceuticals,1539,Dehradun,Arjun Gupta,Marketing Executive,jitenshah975@gmail.com
Solar Technologies,Agriculture,4462,Visakhapatnam,Gaurav Saxena,Supply Chain Manager,jitenshah975@gmail.com
Apex Concepts,Food & Beverage,361,Goa,Deepak Joshi,Business Development Manager,jitenshah975@gmail.com
Alpha Systems,Media,558,Gurugram,Suman Bhattacharya,Project Manager,jitenshah975@gmail.com
Atlas Logistics,Biotech,2728,Chennai,Rohan Joshi,Supply Chain Manager,jitenshah975@gmail.com
Echo Services,Logistics,3811,Shimla,Ananya Khan,Product Manager,jitenshah975@gmail.com
Gamma Holdings,Healthcare,3754,Mumbai,Neha Nair,CTO,jitenshah975@gmail.com
Gamma Works,E-commerce,2590,Jodhpur,Neha Saxena,Quality Manager,jitenshah975@gmail.com
Delta Instruments,Food & Beverage,2080,Mumbai,Nikhil Khan,HR Manager,jitenshah975@gmail.com
Everest Studios,E-commerce,2724,Jaipur,Sneha Kohli,Research Lead,jitenshah975@gmail.com
Crimson Platform,Retail,3607,Bikaner,Deepak Chopra,Product Manager,jitenshah975@gmail.com
Golden Retail,Food & Beverage,3014,Jodhpur,Gaurav Saxena,Business Development Manager,jitenshah975@gmail.com
Gamma Technologies,Pharmaceuticals,651,Indore,Tanya Sidhu,Product Manager,jitenshah975@gmail.com
Maple Networks,Consulting,845,Delhi,Karan Agarwal,Lead Engineer,jitenshah975@gmail.com
Everest Ventures,Cybersecurity,3495,Hyderabad,Shruti Kapoor,Research Lead,jitenshah975@gmail.com
Silver Solutions,Media,3568,Jaipur,Kavya Kohli,CTO,jitenshah975@gmail.com
Green Pharma,Retail,2981,Visakhapatnam,Gaurav Bhattacharya,Project Manager,jitenshah975@gmail.com
NextGen Manufacturing,Software,1174,Ranchi,Tanya Agarwal,Finance Controller,jitenshah975@gmail.com
Silver Solutions,Manufacturing,555,Ahmedabad,Nikhil Khan,Research Lead,jitenshah975@gmail.com
Solar Concepts,Biotech,270,Patna,Ankit Agarwal,Regional Manager,jitenshah975@gmail.com
Solar Studios,Automotive,634,Nagpur,Ankit Saxena,Research Lead,jitenshah975@gmail.com
Luna Consulting,Energy,2049,Bengaluru,Amit Bhattacharya,Product Manager,jitenshah975@gmail.com
Golden Media,Retail,4606,Bengaluru,Vikram Shah,Business Development Manager,jitenshah975@gmail.com
Orion Ventures,Education,2344,Shimla,Dev Malhotra,HR Manager,jitenshah975@gmail.com
Quantum Holdings,Healthcare,3708,Hyderabad,Ishita Nanda,Regional Manager,jitenshah975@gmail.com
Green Hardware,Consulting,2851,Shimla,Priya Ghosh,Supply Chain Manager,jitenshah975@gmail.com
Everest Platform,Real Estate,1295,Shimla,Shruti Mandal,Technical Lead,jitenshah975@gmail.com
Atlas Enterprises,Media,4172,Ahmedabad,Sneha Nair,Finance Controller,jitenshah975@gmail.com
Pioneer Dynamics,Food & Beverage,220,Gurugram,Pooja Trivedi,Research Lead,jitenshah975@gmail.com
Silver Hardware,Aerospace,1068,Patna,Ishita Gupta,CFO,jitenshah975@gmail.com
Everest Concepts,Food & Beverage,4311,Indore,Nikhil Mehta,Clinical Lead,jitenshah975@gmail.com
Cedar Technologies,Manufacturing,2602,Goa,Priya Kapoor,Regional Manager,jitenshah975@gmail.com
Neptune Media,Media,1056,Bikaner,Madhuri Shah,Supply Chain Manager,jitenshah975@gmail.com
Atlas Resources,Logistics,1062,Indore,Siddharth Mandal,Regulatory Affairs Manager,jitenshah975@gmail.com
Blue Services,Finance,4249,Chennai,Neha Kumar,Product Manager,jitenshah975@gmail.com
Echo Insights,Telecom,2839,Visakhapatnam,Ishita Reddy,Regulatory Affairs Manager,jitenshah975@gmail.com
Green Labs,Education,4517,Jaipur,Ankit Khan,Lead Engineer,jitenshah975@gmail.com
Orchid Instruments,Healthcare,4122,Goa,Meera Trivedi,Procurement Head,jitenshah975@gmail.com
Pioneer Enterprises,Cybersecurity,4962,Noida,Madhuri Mandal,Procurement Head,jitenshah975@gmail.com
Blue Services,Software,670,Mumbai,Kavya Shah,Procurement Head,jitenshah975@gmail.com
Summit Foods,Education,4691,Indore,Tanya Khan,CEO,jitenshah975@gmail.com
Golden Platform,Aerospace,2377,Goa,Neha Malhotra,Operations Manager,jitenshah975@gmail.com
Gamma Hardware,Retail,2441,Thiruvananthapuram,Priya Nanda,CTO,jitenshah975@gmail.com
NextGen Ventures,Pharmaceuticals,3971,Thiruvananthapuram,Rahul Chopra,Software Engineer,jitenshah975@gmail.com
Pioneer Consulting,Consulting,2834,Bhopal,Ankit Shah,Research Lead,jitenshah975@gmail.com
Iron Instruments,Finance,2619,Ahmedabad,Manish Patel,Business Development Manager,jitenshah975@gmail.com
Silver Dynamics,Manufacturing,798,Mumbai,Neha Bose,Regulatory Affairs Manager,jitenshah975@gmail.com
Orchid Partners,Telecom,1313,Coimbatore,Karan Mandal,Procurement Head,jitenshah975@gmail.com
Alpha Consulting,Education,1310,Ernakulam,Siddharth Kapoor,Sales Executive,jitenshah975@gmail.com
Fusion Networks,Food & Beverage,194,Delhi,Deepak Saxena,Regional Manager,jitenshah975@gmail.com
Nimbus Works,Biotech,2895,Mumbai,Rohan Reddy,Sales Executive,jitenshah975@gmail.com
Orchid Platform,Food & Beverage,2345,Surat,Amit Sethi,Head of Sales,jitenshah975@gmail.com
Crimson Holdings,Energy,3001,Mysore,Deepak Joshi,CTO,jitenshah975@gmail.com
Luna Solutions,Biotech,4607,Pune,Sakshi Ghosh,Lead Engineer,jitenshah975@gmail.com
Green Concepts,Agriculture,3694,Mysore,Pooja Das,Clinical Lead,jitenshah975@gmail.com
Orchid Pharma,Cybersecurity,978,Chennai,Sneha Bose,Research Lead,jitenshah975@gmail.com
Gamma Consulting,Aerospace,3000,Mysore,Ankit Nair,Software Engineer,jitenshah975@gmail.com
Iron Concepts,Agriculture,334,Mumbai,Rohan Singh,Technical Lead,jitenshah975@gmail.com
Echo Hardware,Food & Beverage,4259,Thiruvananthapuram,Ankit Bhandari,Design Lead,jitenshah975@gmail.com
Iron Holdings,Consulting,2614,Hyderabad,Deepak Bhandari,Customer Success Manager,jitenshah975@gmail.com
Delta Networks,Biotech,2760,Visakhapatnam,Madhuri Saxena,Supply Chain Manager,jitenshah975@gmail.com
Golden Retail,Biotech,2460,Ernakulam,Madhuri Sharma,Research Lead,jitenshah975@gmail.com
Echo Pharma,Finance,3417,Nagpur,Neha Kohli,Design Lead,jitenshah975@gmail.com
Alpha Trading,Software,4894,Ernakulam,Vikram Khan,Finance Controller,jitenshah975@gmail.com
Beta Resources,Biotech,1869,Varanasi,Rohan Trivedi,Sales Executive,jitenshah975@gmail.com
NextGen Media,Cybersecurity,3119,Chennai,Madhuri Agarwal,Operations Manager,jitenshah975@gmail.com
Blue Resources,Finance,1567,Kolkata,Manish Chopra,Account Manager,jitenshah975@gmail.com
Pioneer Partners,Education,3366,Visakhapatnam,Nikhil Bhandari,Creative Director,jitenshah975@gmail.com
Golden Trading,E-commerce,1136,Visakhapatnam,Rahul Ghosh,Data Scientist,jitenshah975@gmail.com
Neptune Designs,Agriculture,3091,Noida,Meera Kapoor,Creative Director,jitenshah975@gmail.com
Maple Consulting,Aerospace,2907,Dehradun,Nikhil Sethi,Customer Success Manager,jitenshah975@gmail.com
Neptune Foods,Energy,3971,Pune,Suman Das,Supply Chain Manager,jitenshah975@gmail.com
Everest Dynamics,Real Estate,2372,Shimla,Rahul Nanda,Technical Lead,jitenshah975@gmail.com
Golden Consulting,Food & Beverage,2862,Surat,Dev Mandal,Finance Controller,jitenshah975@gmail.com
Alpha Labs,Real Estate,1003,Nagpur,Arjun Ghosh,Quality Manager,jitenshah975@gmail.com
Fusion Concepts,Media,1204,Lucknow,Rohan Reddy,Technical Lead,jitenshah975@gmail.com
Green Studios,Automotive,2105,Varanasi,Ananya Nair,HR Manager,jitenshah975@gmail.com
Delta Instruments,Energy,4609,Shimla,Vikram Singh,Head of Sales,jitenshah975@gmail.com
Orchid Automations,Biotech,1965,Ahmedabad,Rohan Agarwal,Design Lead,jitenshah975@gmail.com
Iron Dynamics,Telecom,435,Bengaluru,Ritu Chopra,Technical Lead,jitenshah975@gmail.com
Golden Logistics,Manufacturing,47,Surat,Dev Kumar,Account Manager,jitenshah975@gmail.com
Atlas Insights,Food & Beverage,3916,Goa,Rahul Shah,Lead Engineer,jitenshah975@gmail.com
Echo Networks,E-commerce,737,Goa,Rakesh Iyer,Supply Chain Manager,jitenshah975@gmail.com
Alpha Automations,E-commerce,1439,Indore,Ishita Sidhu,Product Manager,jitenshah975@gmail.com
Pulse Insights,E-commerce,3257,Ooty,Ananya Kumar,Creative Director,jitenshah975@gmail.com
Alpha Manufacturing,Real Estate,311,Kolkata,Neha Trivedi,Software Engineer,jitenshah975@gmail.com
Quantum Insights,Consulting,2336,Thiruvananthapuram,Kavya Ghosh,Marketing Executive,jitenshah975@gmail.com
Golden Platform,Manufacturing,4135,Thiruvananthapuram,Vikram Nair,Finance Controller,jitenshah975@gmail.com
Quantum Consulting,Logistics,3764,Goa,Vikram Nanda,Product Manager,jitenshah975@gmail.com
Apex Automations,Consulting,2421,Nagpur,Arjun Shah,HR Manager,jitenshah975@gmail.com
NextGen Analytics,Retail,3508,Visakhapatnam,Karan Gupta,Quality Manager,jitenshah975@gmail.com
Neptune Logistics,Logistics,1156,Ernakulam,Karan Mandal,Operations Manager,jitenshah975@gmail.com
Apex Labs,Retail,1934,Thiruvananthapuram,Nikhil Das,Data Scientist,jitenshah975@gmail.com
Everest Resources,Biotech,98,Jaipur,Kavya Joshi,Technical Lead,jitenshah975@gmail.com
Nimbus Solutions,Finance,3817,Lucknow,Meera Bose,Project Manager,jitenshah975@gmail.com
Iron Insights,Real Estate,966,Goa,Dev Reddy,Research Lead,jitenshah975@gmail.com
Orchid Dynamics,Telecom,1099,Ernakulam,Ankit Kapoor,Customer Success Manager,jitenshah975@gmail.com
Orchid Studios,Pharmaceuticals,4504,Jodhpur,Ananya Shah,Supply Chain Manager,jitenshah975@gmail.com
Gamma Pharma,Education,2032,Dehradun,Nikhil Bhandari,Regulatory Affairs Manager,jitenshah975@gmail.com
Gamma Technologies,Agriculture,3664,Visakhapatnam,Shruti Joshi,CFO,jitenshah975@gmail.com
Pulse Resources,Finance,510,Coimbatore,Pooja Naik,Marketing Executive,jitenshah975@gmail.com
Vertex Resources,Aerospace,1232,Hyderabad,Karan Sethi,Marketing Executive,jitenshah975@gmail.com
Silver Logistics,Education,4782,Ernakulam,Priya Naik,Marketing Executive,jitenshah975@gmail.com
Silver Hardware,E-commerce,3719,Chennai,Siddharth Mehta,Regional Manager,jitenshah975@gmail.com
Cedar Solutions,Aerospace,3792,Dehradun,Gaurav Reddy,Customer Success Manager,jitenshah975@gmail.com
Apex Concepts,Energy,29,Varanasi,Rahul Trivedi,CFO,jitenshah975@gmail.com
Blue Partners,Media,527,Surat,Rohan Mandal,Design Lead,jitenshah975@gmail.com
Green Insights,Food & Beverage,264,Lucknow,Ritu Kumar,Talent Acquisition Specialist,jitenshah975@gmail.com
Pioneer Soft,Pharmaceuticals,3072,Bikaner,Deepak Kapoor,Regulatory Affairs Manager,jitenshah975@gmail.com
Pulse Insights,Retail,3082,Delhi,Arjun Agarwal,Regulatory Affairs Manager,jitenshah975@gmail.com
Maple Holdings,Media,976,Hyderabad,Pooja Bose,Marketing Executive,jitenshah975@gmail.com
Pioneer Automations,Telecom,33,Mysore,Amit Reddy,Regional Manager,jitenshah975@gmail.com
Neptune Automations,Aerospace,3479,Surat,Deepak Sidhu,Operations Manager,jitenshah975@gmail.com
Nimbus Ventures,Media,1275,Jaipur,Rahul Mandal,Design Lead,jitenshah975@gmail.com
Alpha Soft,Finance,268,Ooty,Arjun Mehta,Software Engineer,jitenshah975@gmail.com
Beta Insights,Software,1976,Pune,Priya Patel,Software Engineer,jitenshah975@gmail.com
Blue Ventures,Cybersecurity,403,Ahmedabad,Isha Verma,Quality Manager,jitenshah975@gmail.com
Silver Dynamics,Aerospace,1784,Mysore,Yash Shah,CTO,jitenshah975@gmail.com
Pioneer Media,Real Estate,1923,Coimbatore,Dev Bhattacharya,Procurement Head,jitenshah975@gmail.com
Echo Resources,Cybersecurity,2631,Ahmedabad,Neha Naik,Head of Marketing,jitenshah975@gmail.com
Neptune Media,Telecom,3392,Lucknow,Vikram Verma,Supply Chain Manager,jitenshah975@gmail.com
Cedar Platform,Logistics,3504,Surat,Ananya Verma,Research Lead,jitenshah975@gmail.com
Atlas Pharma,Retail,4301,Noida,Shruti Mehta,Account Manager,jitenshah975@gmail.com
Pioneer Networks,Retail,1511,Mysore,Pooja Malhotra,Operations Manager,jitenshah975@gmail.com
Omega Dynamics,Real Estate,1187,Ooty,Manish Mandal,CTO,jitenshah975@gmail.com
Maple Partners,Pharmaceuticals,4570,Visakhapatnam,Ankit Bose,Operations Manager,jitenshah975@gmail.com
Summit Works,Consulting,652,Jodhpur,Manish Sethi,Research Lead,jitenshah975@gmail.com
Green Instruments,Education,427,Jaipur,Deepak Agarwal,Software Engineer,jitenshah975@gmail.com
Orchid Solutions,Healthcare,1546,Ooty,Nikhil Trivedi,Customer Success Manager,jitenshah975@gmail.com
Neptune Instruments,Education,3932,Pune,Yash Mandal,Data Scientist,jitenshah975@gmail.com
Everest Manufacturing,Software,1740,Jodhpur,Rahul Bhattacharya,Head of Sales,jitenshah975@gmail.com
Alpha Soft,Food & Beverage,1992,Shimla,Tanya Nanda,HR Manager,jitenshah975@gmail.com
Luna Insights,Telecom,4527,Noida,Nikhil Reddy,Quality Manager,jitenshah975@gmail.com
Silver Instruments,Media,2531,Jaipur,Sakshi Saxena,Design Lead,jitenshah975@gmail.com
Golden Ventures,Finance,3851,Mysore,Madhuri Chopra,Creative Director,jitenshah975@gmail.com
Vertex Studios,Consulting,3395,Mumbai,Rakesh Sethi,Operations Manager,jitenshah975@gmail.com
Alpha Holdings,Software,2141,Surat,Dev Trivedi,Procurement Head,jitenshah975@gmail.com
Alpha Partners,Real Estate,1253,Pune,Karan Iyer,Quality Manager,jitenshah975@gmail.com
Cedar Services,Telecom,4095,Surat,Kavya Agarwal,Data Scientist,jitenshah975@gmail.com
Summit Soft,Food & Beverage,4023,Thiruvananthapuram,Meera Bhattacharya,Finance Controller,jitenshah975@gmail.com
Solar Enterprises,Manufacturing,4482,Ernakulam,Meera Mandal,Design Lead,jitenshah975@gmail.com
Maple Foods,E-commerce,4297,Mumbai,Madhuri Sethi,CFO,jitenshah975@gmail.com
Delta Pharma,E-commerce,57,Indore,Ankit Sidhu,Senior Developer,jitenshah975@gmail.com
Nimbus Technologies,Manufacturing,79,Pune,Siddharth Kapoor,Research Lead,jitenshah975@gmail.com
Blue Analytics,Cybersecurity,3963,Dehradun,Ananya Sharma,CEO,jitenshah975@gmail.com
Maple Instruments,Pharmaceuticals,102,Kolkata,Siddharth Bhattacharya,Business Development Manager,jitenshah975@gmail.com
Maple Networks,Software,4119,Coimbatore,Shruti Agarwal,Account Manager,jitenshah975@gmail.com
Gamma Manufacturing,Logistics,881,Jodhpur,Sneha Saxena,Head of Marketing,jitenshah975@gmail.com
Nimbus Works,Cybersecurity,4317,Jaipur,Madhuri Joshi,Business Development Manager,jitenshah975@gmail.com
Gamma Concepts,Healthcare,3061,Bhopal,Manish Trivedi,Operations Manager,jitenshah975@gmail.com
Orion Dynamics,Real Estate,665,Goa,Yash Khan,Talent Acquisition Specialist,jitenshah975@gmail.com
Blue Technologies,Retail,3111,Bhopal,Pooja Malhotra,CTO,jitenshah975@gmail.com
Atlas Systems,Logistics,682,Ernakulam,Yash Mehta,Senior Developer,jitenshah975@gmail.com
Gamma Consulting,Biotech,786,Bikaner,Siddharth Mandal,CTO,jitenshah975@gmail.com
Nimbus Works,Biotech,3900,Jaipur,Rohan Mandal,CFO,jitenshah975@gmail.com
Neptune Insights,Energy,4453,Nagpur,Arjun Verma,Product Manager,jitenshah975@gmail.com
Pulse Trading,Consulting,133,Pune,Rakesh Singh,Talent Acquisition Specialist,jitenshah975@gmail.com
Delta Retail,Retail,635,Lucknow,Meera Trivedi,Operations Manager,jitenshah975@gmail.com
Cedar Services,Retail,4433,Noida,Deepak Shah,Customer Success Manager,jitenshah975@gmail.com
Pioneer Hardware,Healthcare,4107,Varanasi,Sakshi Verma,Head of Sales,jitenshah975@gmail.com
Crimson Dynamics,Healthcare,2795,Patna,Nikhil Bhandari,Software Engineer,jitenshah975@gmail.com
Luna Soft,Consulting,247,Goa,Vikram Kohli,Regional Manager,jitenshah975@gmail.com
Golden Dynamics,Media,4535,Bhopal,Ritu Kumar,Project Manager,jitenshah975@gmail.com
Cedar Pharma,Retail,707,Mysore,Tanya Reddy,Finance Controller,jitenshah975@gmail.com
Nimbus Retail,Healthcare,677,Jaipur,Ankit Bose,Technical Lead,jitenshah975@gmail.com
Gamma Foods,Manufacturing,3196,Noida,Sakshi Patel,CFO,jitenshah975@gmail.com
Apex Manufacturing,Real Estate,3648,Gurugram,Nikhil Das,Head of Sales,jitenshah975@gmail.com
Pioneer Technologies,Logistics,3535,Thiruvananthapuram,Pooja Ghosh,Marketing Executive,jitenshah975@gmail.com
Crimson Logistics,Software,739,Gurugram,Pooja Gupta,Software Engineer,jitenshah975@gmail.com
Orchid Hardware,Consulting,3160,Kolkata,Neha Mehta,Quality Manager,jitenshah975@gmail.com
Beta Technologies,Aerospace,1993,Nagpur,Siddharth Kumar,Project Manager,jitenshah975@gmail.com
Luna Enterprises,Manufacturing,2207,Lucknow,Vikram Malhotra,Head of Marketing,jitenshah975@gmail.com
Green Enterprises,Pharmaceuticals,2265,Indore,Neha Malhotra,Finance Controller,jitenshah975@gmail.com
Green Studios,Energy,2025,Varanasi,Kavya Malhotra,Software Engineer,jitenshah975@gmail.com
Orchid Works,Automotive,881,Chennai,Neha Sharma,Quality Manager,jitenshah975@gmail.com
Echo Services,Cybersecurity,3117,Ooty,Yash Chopra,Regional Manager,jitenshah975@gmail.com
Echo Partners,Cybersecurity,1120,Lucknow,Karan Bhandari,Technical Lead,jitenshah975@gmail.com
Vertex Designs,Consulting,1460,Bhopal,Karan Reddy,Customer Success Manager,jitenshah975@gmail.com
Orion Foods,Food & Beverage,4722,Ooty,Suman Chopra,Quality Manager,jitenshah975@gmail.com
Summit Services,Retail,2995,Bengaluru,Dev Trivedi,HR Manager,jitenshah975@gmail.com
Cedar Instruments,Logistics,4511,Kolkata,Isha Kapoor,Technical Lead,jitenshah975@gmail.com
Vertex Ventures,Real Estate,571,Coimbatore,Yash Kohli,Finance Controller,jitenshah975@gmail.com
Crimson Pharma,Food & Beverage,1145,Goa,Neha Iyer,Business Development Manager,jitenshah975@gmail.com
Neptune Holdings,Pharmaceuticals,3093,Delhi,Manish Bhandari,Sales Executive,jitenshah975@gmail.com
Cedar Concepts,Aerospace,4155,Jodhpur,Dev Sethi,Technical Lead,jitenshah975@gmail.com
Crimson Instruments,E-commerce,2950,Shimla,Ishita Kohli,Supply Chain Manager,jitenshah975@gmail.com
Orchid Foods,Healthcare,900,Mysore,Suman Agarwal,Project Manager,jitenshah975@gmail.com
Solar Enterprises,Cybersecurity,367,Nagpur,Kavya Agarwal,Senior Developer,jitenshah975@gmail.com
Luna Manufacturing,Consulting,3531,Bengaluru,Amit Patel,Business Development Manager,jitenshah975@gmail.com
Nimbus Media,Agriculture,4576,Nagpur,Shruti Trivedi,Operations Manager,jitenshah975@gmail.com
Silver Studios,Retail,3798,Mysore,Arjun Trivedi,Technical Lead,jitenshah975@gmail.com
Iron Holdings,Media,206,Ernakulam,Sneha Reddy,Account Manager,jitenshah975@gmail.com
Pulse Manufacturing,Healthcare,955,Coimbatore,Isha Singh,Research Lead,jitenshah975@gmail.com
Everest Consulting,Automotive,1699,Visakhapatnam,Ananya Joshi,Sales Executive,jitenshah975@gmail.com
Quantum Ventures,Automotive,2617,Delhi,Neha Verma,Finance Controller,jitenshah975@gmail.com
Orion Logistics,Software,2815,Goa,Sneha Agarwal,Finance Controller,jitenshah975@gmail.com
NextGen Insights,Telecom,4232,Hyderabad,Pooja Kumar,Data Scientist,jitenshah975@gmail.com
Maple Partners,Automotive,1904,Ooty,Deepak Khan,Product Manager,jitenshah975@gmail.com
NextGen Foods,Pharmaceuticals,3245,Kolkata,Isha Bhandari,Design Lead,jitenshah975@gmail.com
Vertex Ventures,Biotech,3523,Bhopal,Amit Nanda,HR Manager,jitenshah975@gmail.com
Vertex Labs,Healthcare,4734,Bengaluru,Gaurav Sethi,Supply Chain Manager,jitenshah975@gmail.com
NextGen Studios,Consulting,1619,Thiruvananthapuram,Sneha Das,Project Manager,jitenshah975@gmail.com
Omega Designs,Agriculture,2572,Patna,Deepak Bhandari,Quality Manager,jitenshah975@gmail.com
Cedar Logistics,Media,2888,Ranchi,Manish Bhandari,Product Manager,jitenshah975@gmail.com
Delta Pharma,Real Estate,4839,Delhi,Arjun Singh,Data Scientist,jitenshah975@gmail.com
Quantum Dynamics,Real Estate,963,Hyderabad,Sakshi Nanda,Head of Marketing,jitenshah975@gmail.com
Iron Concepts,Pharmaceuticals,4890,Chennai,Rakesh Bose,Account Manager,jitenshah975@gmail.com
NextGen Designs,Aerospace,1424,Surat,Meera Malhotra,Lead Engineer,jitenshah975@gmail.com
